âge,sexe,budget,marié,région_origine,type_destination
60,Femme,1473,Non,Egypte,Nature
47,Femme,2499,Non,Chine,Nature
73,Homme,9592,Oui,Liban,Ville
44,Femme,2962,Non,Mexique,Nature
32,Femme,1155,Non,Pologne,Nature
67,Homme,7051,Oui,Iran,Ville
39,Homme,13175,Oui,Turquie,Ville
40,Femme,1663,Oui,Arabie Saoudite,Nature
27,Femme,12010,Non,Corée du Sud,Ville
54,Femme,3290,Non,Colombie,Nature
23,Femme,1196,Non,Portugal,Nature
67,Femme,7053,Oui,Pakistan,Ville
27,Femme,3767,Non,Belgique,Nature
67,Homme,9129,Oui,Qatar,Ville
52,Homme,11486,Oui,Koweït,Ville
51,Femme,10396,Oui,Maroc,Ville
56,Femme,5572,Oui,Allemagne,Ville
61,Homme,7047,Oui,Pakistan,Ville
53,Homme,13050,Oui,Kenya,Ville
51,Homme,1562,Oui,Italie,Nature
22,Femme,3850,Non,Portugal,Nature
68,Femme,12091,Oui,Brésil,Ville
53,Femme,2262,Non,Royaume-Uni,Nature
31,Homme,1330,Oui,Pakistan,Nature
18,Homme,2575,Non,Canada,Nature
42,Femme,11550,Non,Algérie,Ville
18,Femme,2152,Non,Indonésie,Nature
61,Homme,9613,Non,Qatar,Ville
68,Femme,7999,Oui,Belgique,Ville
55,Femme,3186,Non,Nigeria,Nature
42,Homme,2488,Oui,Algérie,Nature
39,Femme,2181,Non,France,Nature
55,Femme,7794,Oui,Thaïlande,Ville
39,Femme,8565,Oui,Jordanie,Ville
52,Femme,8677,Oui,USA,Ville
42,Homme,2615,Oui,Suède,Nature
25,Homme,2129,Non,Côte d Ivoire,Nature
36,Femme,3261,Non,Malaysia,Nature
28,Femme,1832,Non,Emirats Arabes Unis,Nature
57,Femme,13813,Oui,Japon,Ville
40,Homme,5087,Oui,Liban,Ville
19,Homme,3347,Non,Russie,Nature
40,Homme,11558,Oui,Nigeria,Ville
39,Homme,1568,Non,Sénégal,Nature
27,Homme,14032,Non,Portugal,Ville
40,Femme,6027,Oui,Nigeria,Ville
22,Femme,5193,Non,Mexique,Ville
20,Homme,1745,Non,Canada,Nature
31,Femme,3133,Non,Turquie,Nature
44,Femme,1848,Non,Royaume-Uni,Nature
30,Homme,6303,Non,France,Ville
27,Homme,13894,Non,Pérou,Ville
28,Homme,9269,Non,Brésil,Ville
37,Femme,12731,Oui,Algérie,Ville
41,Femme,7060,Oui,Argentine,Ville
22,Femme,1421,Non,Emirats Arabes Unis,Nature
22,Homme,10927,Non,Belgique,Ville
28,Femme,9591,Oui,Pérou,Ville
31,Femme,7270,Oui,Arabie Saoudite,Ville
40,Femme,12801,Oui,Mexique,Ville
25,Femme,14394,Oui,Nigeria,Ville
40,Femme,1476,Non,Indonésie,Nature
20,Femme,2714,Non,Portugal,Nature
31,Homme,2484,Non,Royaume-Uni,Nature
38,Homme,3396,Non,Mexique,Nature
44,Homme,4573,Oui,Colombie,Ville
44,Homme,1894,Non,Espagne,Nature
48,Homme,7229,Oui,Koweït,Ville
69,Femme,5277,Oui,Algérie,Ville
75,Femme,11606,Oui,USA,Ville
74,Homme,11295,Oui,Finlande,Ville
21,Homme,1912,Non,Chine,Nature
41,Homme,3607,Non,Brésil,Nature
23,Femme,10731,Oui,Nigeria,Ville
48,Femme,8960,Oui,Nigeria,Ville
26,Homme,3603,Non,Arabie Saoudite,Nature
35,Homme,2520,Non,Espagne,Nature
55,Homme,3213,Oui,Egypte,Nature
47,Femme,4017,Non,Allemagne,Nature
33,Homme,2368,Non,Allemagne,Nature
24,Femme,1933,Non,Allemagne,Nature
46,Femme,4319,Oui,Brésil,Ville
35,Femme,1904,Oui,Italie,Nature
56,Femme,3777,Non,Norvège,Nature
74,Femme,6974,Oui,Afrique du Sud,Ville
40,Homme,5807,Oui,Allemagne,Ville
51,Homme,1379,Non,Belgique,Nature
47,Femme,8582,Oui,Canada,Ville
27,Homme,11360,Non,Inde,Ville
43,Homme,13961,Oui,Nigeria,Ville
53,Femme,3777,Oui,Italie,Nature
51,Homme,2526,Non,Pakistan,Nature
68,Femme,8087,Oui,Qatar,Ville
56,Homme,2892,Oui,Koweït,Nature
44,Homme,6707,Oui,Afrique du Sud,Ville
59,Femme,12690,Oui,Pérou,Ville
22,Femme,6807,Non,Danemark,Ville
56,Homme,9025,Non,France,Ville
36,Femme,11835,Oui,Canada,Ville
59,Homme,7341,Oui,Emirats Arabes Unis,Ville
22,Femme,1981,Non,Inde,Nature
19,Homme,3276,Non,Pologne,Nature
73,Homme,5782,Oui,Chine,Ville
23,Homme,1650,Non,Côte d Ivoire,Nature
36,Femme,12489,Oui,Belgique,Ville
46,Homme,3021,Non,Emirats Arabes Unis,Nature
44,Homme,2337,Oui,USA,Nature
33,Homme,9486,Oui,Pérou,Ville
36,Homme,13625,Oui,Kenya,Ville
56,Homme,2368,Oui,Koweït,Nature
65,Homme,6606,Oui,Inde,Ville
43,Homme,2832,Non,Turquie,Nature
33,Femme,6244,Oui,Belgique,Ville
35,Homme,13799,Oui,Turquie,Ville
68,Femme,12046,Oui,Brésil,Ville
58,Homme,2788,Non,Afrique du Sud,Nature
71,Homme,10696,Oui,Russie,Ville
49,Femme,3135,Non,Chine,Nature
29,Femme,2483,Non,Colombie,Nature
74,Homme,12993,Oui,Qatar,Ville
59,Homme,1538,Oui,Kenya,Nature
70,Femme,5703,Oui,Suisse,Ville
66,Homme,7193,Oui,Pays-Bas,Ville
46,Homme,2004,Non,Mexique,Nature
54,Homme,10991,Oui,Danemark,Ville
35,Femme,12469,Oui,Russie,Ville
26,Homme,12602,Non,Egypte,Ville
58,Homme,11103,Oui,Colombie,Ville
43,Femme,13733,Oui,Chine,Ville
37,Homme,7623,Oui,Pays-Bas,Ville
49,Femme,3184,Non,Indonésie,Nature
31,Femme,2660,Non,Maroc,Nature
37,Femme,3073,Non,Algérie,Nature
60,Homme,3274,Non,Algérie,Nature
75,Femme,12136,Oui,Russie,Ville
18,Femme,1397,Non,Danemark,Nature
38,Femme,2231,Non,Kenya,Nature
28,Homme,3519,Non,Suède,Nature
64,Homme,6002,Oui,Tunisie,Ville
40,Femme,1126,Oui,Norvège,Nature
64,Femme,13387,Oui,Allemagne,Ville
23,Homme,11180,Oui,USA,Ville
56,Homme,3412,Oui,Italie,Nature
36,Homme,6019,Non,Liban,Ville
22,Homme,11990,Non,Inde,Ville
46,Homme,2701,Non,Thaïlande,Nature
38,Femme,2532,Non,Canada,Nature
39,Femme,1775,Oui,Italie,Nature
55,Homme,3879,Oui,Brésil,Nature
47,Femme,1570,Non,Pakistan,Nature
22,Femme,2765,Non,Russie,Nature
33,Femme,11214,Oui,Grèce,Ville
47,Homme,3144,Non,Chine,Nature
43,Homme,7931,Oui,Nigeria,Ville
40,Femme,1552,Oui,Pakistan,Nature
62,Femme,10170,Oui,Tunisie,Ville
26,Homme,8082,Non,Pérou,Ville
53,Femme,1436,Oui,USA,Nature
72,Homme,13206,Non,Sénégal,Ville
32,Femme,6338,Oui,Royaume-Uni,Ville
26,Homme,10768,Non,Colombie,Ville
48,Femme,3444,Oui,Mexique,Nature
64,Femme,12060,Oui,Norvège,Ville
66,Homme,12908,Oui,Grèce,Ville
56,Homme,10378,Oui,Australie,Ville
48,Homme,1727,Oui,Colombie,Nature
59,Homme,7527,Non,Suisse,Ville
60,Homme,13008,Non,Brésil,Ville
69,Homme,5659,Oui,Inde,Ville
21,Femme,2881,Non,Nigeria,Nature
28,Homme,2890,Non,Norvège,Nature
34,Homme,9428,Oui,Italie,Ville
48,Femme,3907,Non,Maroc,Nature
60,Homme,1301,Non,Danemark,Nature
46,Femme,8442,Oui,Pologne,Ville
49,Homme,1473,Oui,Finlande,Nature
25,Homme,2857,Non,Argentine,Nature
68,Femme,7631,Oui,Danemark,Ville
24,Femme,2478,Non,Afrique du Sud,Nature
36,Homme,7043,Non,Pérou,Ville
41,Femme,11468,Non,Thaïlande,Ville
31,Homme,1730,Non,Norvège,Nature
25,Homme,3520,Non,France,Nature
27,Homme,2826,Non,Allemagne,Nature
54,Homme,10729,Oui,Pérou,Ville
58,Homme,2255,Non,Malaysia,Nature
58,Homme,3772,Oui,Argentine,Nature
36,Homme,9077,Oui,Suisse,Ville
19,Femme,3974,Non,Côte d Ivoire,Nature
46,Femme,10322,Oui,Australie,Ville
25,Femme,3226,Non,Colombie,Nature
65,Femme,8783,Oui,Thaïlande,Ville
53,Homme,8888,Oui,Indonésie,Ville
41,Homme,9788,Oui,Côte d Ivoire,Ville
40,Homme,1983,Non,Liban,Nature
44,Homme,8314,Oui,Côte d Ivoire,Ville
65,Homme,6990,Oui,Iran,Ville
34,Homme,4093,Non,Maroc,Nature
37,Femme,10026,Non,Pologne,Ville
35,Femme,5861,Oui,Mexique,Ville
68,Femme,9790,Oui,Indonésie,Ville
61,Homme,6289,Oui,Inde,Ville
52,Femme,1681,Non,Malaysia,Nature
32,Femme,9917,Non,Turquie,Ville
26,Femme,2568,Non,Turquie,Nature
32,Homme,1773,Oui,France,Nature
61,Homme,10050,Oui,Portugal,Ville
41,Homme,9611,Oui,Turquie,Ville
60,Femme,3515,Non,Algérie,Nature
33,Femme,2908,Oui,Mexique,Nature
27,Femme,10318,Non,Afrique du Sud,Ville
57,Femme,3638,Non,Arabie Saoudite,Nature
41,Femme,3778,Non,Afrique du Sud,Nature
27,Homme,2894,Non,Algérie,Nature
30,Homme,5800,Non,Danemark,Ville
51,Homme,5987,Oui,Colombie,Ville
66,Homme,7218,Oui,Chine,Ville
31,Femme,10466,Oui,Royaume-Uni,Ville
64,Homme,10122,Oui,USA,Ville
57,Homme,4867,Oui,Turquie,Ville
28,Femme,1904,Non,Pakistan,Nature
33,Homme,7328,Oui,Japon,Ville
26,Femme,13833,Oui,Italie,Ville
26,Homme,10751,Oui,Afrique du Sud,Ville
34,Homme,10787,Oui,Royaume-Uni,Ville
34,Homme,9721,Oui,Malaysia,Ville
62,Femme,11189,Oui,Inde,Ville
58,Homme,10518,Non,Corée du Sud,Ville
27,Homme,3145,Non,Brésil,Nature
32,Femme,6766,Oui,Mexique,Ville
30,Homme,3262,Non,Afrique du Sud,Nature
29,Homme,4116,Non,Koweït,Nature
67,Femme,12521,Non,Nigeria,Ville
28,Homme,6959,Oui,USA,Ville
50,Homme,9635,Oui,Indonésie,Ville
33,Homme,2742,Oui,Corée du Sud,Nature
43,Homme,2732,Non,Norvège,Nature
41,Femme,4251,Non,Royaume-Uni,Nature
47,Homme,2650,Non,Thaïlande,Nature
55,Femme,1836,Non,Italie,Nature
24,Homme,1424,Non,Iran,Nature
29,Homme,10195,Oui,Qatar,Ville
49,Femme,1452,Oui,Tunisie,Nature
58,Homme,3087,Non,Chine,Nature
25,Homme,1897,Non,Suisse,Nature
22,Femme,1319,Non,Kenya,Nature
34,Femme,1360,Non,Australie,Nature
52,Femme,1412,Non,Egypte,Nature
47,Femme,3710,Non,Finlande,Nature
21,Homme,1381,Non,Argentine,Nature
58,Homme,9206,Oui,Turquie,Ville
20,Homme,1645,Non,Portugal,Nature
58,Femme,14081,Oui,Nigeria,Ville
37,Femme,10744,Oui,Qatar,Ville
66,Homme,14139,Oui,Suisse,Ville
45,Homme,3384,Non,Pays-Bas,Nature
71,Homme,7222,Oui,Portugal,Ville
45,Femme,2866,Non,Canada,Nature
54,Femme,1679,Oui,Japon,Nature
57,Homme,3466,Non,Australie,Nature
26,Homme,3757,Non,Emirats Arabes Unis,Nature
25,Homme,10783,Oui,Autriche,Ville
35,Femme,13773,Oui,Jordanie,Ville
37,Femme,1314,Oui,Kenya,Nature
43,Femme,2347,Oui,Inde,Nature
32,Femme,2504,Non,Afrique du Sud,Nature
33,Femme,12363,Oui,Côte d Ivoire,Ville
23,Femme,2205,Non,Koweït,Nature
51,Homme,5685,Oui,USA,Ville
40,Femme,2363,Non,Royaume-Uni,Nature
25,Femme,11367,Oui,Suède,Ville
35,Femme,3637,Non,Argentine,Nature
40,Homme,3630,Non,Italie,Nature
36,Femme,6590,Oui,Mexique,Ville
57,Homme,8266,Oui,Iran,Ville
48,Homme,4023,Non,Egypte,Nature
35,Femme,8217,Oui,Pakistan,Ville
19,Femme,3475,Non,Espagne,Nature
57,Femme,10357,Oui,Maroc,Ville
45,Homme,3424,Oui,Australie,Nature
65,Homme,13781,Oui,Iran,Ville
34,Femme,3411,Non,Australie,Nature
30,Femme,3191,Non,Jordanie,Nature
47,Homme,10565,Oui,Colombie,Ville
52,Femme,3132,Non,Suisse,Nature
66,Homme,7399,Oui,Chine,Ville
52,Homme,3162,Non,Emirats Arabes Unis,Nature
49,Femme,3543,Non,USA,Nature
27,Homme,1492,Non,Inde,Nature
59,Femme,1582,Non,Corée du Sud,Nature
45,Homme,7888,Oui,Pologne,Ville
46,Femme,6250,Oui,Finlande,Ville
21,Homme,2437,Non,Canada,Nature
47,Homme,1463,Non,Maroc,Nature
33,Homme,11988,Oui,Algérie,Ville
58,Femme,12191,Non,Russie,Ville
58,Femme,10633,Oui,Sénégal,Ville
73,Homme,4871,Oui,Inde,Ville
36,Homme,3955,Oui,Autriche,Nature
63,Femme,11485,Oui,Suède,Ville
50,Femme,2562,Non,Pays-Bas,Nature
23,Homme,7712,Non,Côte d Ivoire,Ville
42,Femme,3507,Oui,Pakistan,Nature
57,Homme,6123,Oui,Koweït,Ville
25,Homme,3854,Non,Turquie,Nature
20,Femme,978,Non,Danemark,Nature
75,Homme,9176,Oui,Suède,Ville
43,Femme,1441,Non,Canada,Nature
73,Homme,6539,Oui,Liban,Ville
60,Homme,3751,Non,Argentine,Nature
52,Homme,3525,Non,Turquie,Nature
25,Femme,3529,Non,France,Nature
51,Homme,11619,Oui,Argentine,Ville
55,Femme,5661,Non,Chine,Ville
59,Homme,2144,Oui,Malaysia,Nature
24,Femme,1539,Non,Turquie,Nature
40,Femme,6049,Oui,Canada,Ville
29,Homme,9638,Oui,Afrique du Sud,Ville
33,Femme,3859,Non,Australie,Nature
69,Femme,7389,Oui,Colombie,Ville
26,Femme,11450,Oui,Finlande,Ville
47,Femme,8011,Oui,Canada,Ville
27,Homme,2187,Non,Jordanie,Nature
66,Homme,13392,Oui,Portugal,Ville
58,Femme,2537,Non,Royaume-Uni,Nature
49,Homme,1947,Oui,Mexique,Nature
36,Femme,13942,Oui,Kenya,Ville
20,Homme,1502,Non,Egypte,Nature
68,Femme,11116,Oui,Liban,Ville
66,Femme,9860,Oui,Italie,Ville
60,Homme,1435,Oui,Allemagne,Nature
31,Femme,13086,Non,Finlande,Ville
66,Femme,6586,Non,Espagne,Ville
24,Homme,2266,Non,Inde,Nature
23,Femme,9469,Oui,Danemark,Ville
29,Femme,3986,Non,Pays-Bas,Nature
48,Homme,5217,Oui,Mexique,Ville
41,Femme,4103,Non,Indonésie,Nature
48,Homme,2966,Oui,Norvège,Nature
26,Homme,1805,Non,Royaume-Uni,Nature
27,Femme,14254,Non,USA,Ville
22,Femme,13219,Non,Egypte,Ville
59,Femme,10464,Oui,Argentine,Ville
75,Homme,9608,Oui,Emirats Arabes Unis,Ville
49,Homme,6224,Non,Thaïlande,Ville
29,Femme,3473,Non,Sénégal,Nature
67,Femme,8585,Oui,Japon,Ville
38,Homme,2875,Non,Maroc,Nature
36,Homme,3240,Non,Finlande,Nature
47,Homme,1933,Non,Indonésie,Nature
64,Homme,12391,Oui,Turquie,Ville
75,Femme,10992,Oui,Grèce,Ville
58,Homme,11507,Oui,Italie,Ville
53,Homme,5821,Non,Afrique du Sud,Ville
41,Homme,12901,Oui,Arabie Saoudite,Ville
37,Homme,14337,Oui,Malaysia,Ville
53,Homme,12893,Oui,Autriche,Ville
32,Homme,2828,Oui,Pologne,Nature
57,Homme,3458,Non,Pérou,Nature
50,Homme,1103,Non,Liban,Nature
47,Homme,13275,Oui,Nigeria,Ville
39,Femme,10152,Oui,Sénégal,Ville
26,Homme,3738,Non,Tunisie,Nature
53,Femme,6888,Oui,USA,Ville
31,Homme,10628,Non,Afrique du Sud,Ville
24,Femme,4740,Oui,Australie,Ville
36,Femme,12288,Oui,Inde,Ville
74,Femme,11170,Oui,Indonésie,Ville
24,Femme,2669,Non,Jordanie,Nature
67,Femme,6154,Oui,Koweït,Ville
35,Femme,1009,Non,Russie,Nature
52,Femme,3199,Oui,Koweït,Nature
59,Homme,13679,Oui,Afrique du Sud,Ville
35,Homme,3849,Non,Italie,Nature
72,Femme,8064,Non,Côte d Ivoire,Ville
39,Femme,1370,Non,Allemagne,Nature
48,Homme,5891,Oui,Afrique du Sud,Ville
37,Femme,10377,Non,Arabie Saoudite,Ville
18,Femme,3437,Non,Australie,Nature
65,Femme,6183,Non,Finlande,Ville
47,Homme,8288,Oui,Canada,Ville
46,Femme,5320,Non,Corée du Sud,Ville
33,Femme,2712,Non,France,Nature
63,Femme,14476,Oui,Turquie,Ville
27,Homme,3542,Non,Allemagne,Nature
26,Homme,14293,Non,Corée du Sud,Ville
52,Femme,2446,Non,Colombie,Nature
70,Femme,6342,Oui,Sénégal,Ville
31,Homme,13827,Non,Suède,Ville
51,Femme,2168,Oui,Autriche,Nature
24,Femme,8397,Oui,Australie,Ville
38,Femme,2938,Non,Egypte,Nature
74,Femme,7445,Oui,France,Ville
41,Femme,1338,Non,Portugal,Nature
31,Femme,12876,Oui,Pakistan,Ville
25,Homme,2562,Non,Norvège,Nature
31,Homme,13272,Oui,Turquie,Ville
33,Homme,1779,Non,Indonésie,Nature
43,Femme,13561,Oui,Pérou,Ville
36,Femme,9709,Oui,Russie,Ville
24,Homme,3883,Non,Jordanie,Nature
53,Homme,1153,Non,Egypte,Nature
67,Homme,12840,Oui,Arabie Saoudite,Ville
41,Femme,12877,Oui,Suède,Ville
31,Homme,6083,Oui,Arabie Saoudite,Ville
75,Femme,13173,Oui,Royaume-Uni,Ville
26,Homme,9116,Non,Algérie,Ville
52,Homme,12283,Oui,Portugal,Ville
25,Homme,1846,Non,Royaume-Uni,Nature
29,Femme,2956,Non,Corée du Sud,Nature
32,Homme,3893,Non,Brésil,Nature
49,Femme,1968,Non,Belgique,Nature
22,Femme,9271,Non,Indonésie,Ville
27,Homme,1737,Non,Canada,Nature
22,Femme,2641,Non,Mexique,Nature
26,Femme,8325,Non,Pologne,Ville
60,Homme,3528,Non,Arabie Saoudite,Nature
29,Homme,2283,Non,Turquie,Nature
47,Homme,3153,Non,Australie,Nature
44,Femme,2205,Non,Qatar,Nature
73,Homme,8818,Oui,Pakistan,Ville
72,Femme,5776,Oui,Brésil,Ville
65,Homme,6758,Oui,Jordanie,Ville
45,Homme,3966,Oui,Grèce,Nature
50,Homme,2994,Oui,Koweït,Nature
41,Homme,3387,Non,Brésil,Nature
21,Femme,1516,Non,Indonésie,Nature
46,Femme,2849,Non,Corée du Sud,Nature
37,Femme,9353,Oui,France,Ville
55,Homme,9370,Oui,Brésil,Ville
50,Femme,5812,Oui,Arabie Saoudite,Ville
22,Femme,1973,Non,Japon,Nature
38,Homme,3810,Non,Liban,Nature
43,Homme,3225,Non,Malaysia,Nature
45,Homme,5764,Oui,Australie,Ville
49,Femme,3110,Non,France,Nature
27,Homme,7899,Oui,Autriche,Ville
56,Homme,2785,Oui,Pakistan,Nature
52,Homme,2263,Non,Arabie Saoudite,Nature
44,Femme,1788,Oui,Norvège,Nature
69,Homme,7693,Non,Algérie,Ville
54,Homme,3658,Oui,Pakistan,Nature
47,Femme,8953,Oui,Pakistan,Ville
49,Femme,3362,Oui,Afrique du Sud,Nature
25,Femme,2566,Non,Côte d Ivoire,Nature
57,Femme,13544,Oui,Argentine,Ville
42,Homme,2478,Non,Qatar,Nature
32,Homme,6722,Oui,Chine,Ville
35,Femme,8697,Oui,Tunisie,Ville
26,Homme,1961,Non,Russie,Nature
54,Femme,10901,Non,Norvège,Ville
31,Femme,3168,Non,Danemark,Nature
50,Homme,2142,Non,Jordanie,Nature
44,Femme,2557,Non,Autriche,Nature
70,Femme,9607,Oui,Colombie,Ville
38,Femme,3374,Non,Mexique,Nature
29,Femme,3839,Non,Japon,Nature
33,Femme,2477,Non,Pays-Bas,Nature
20,Homme,1276,Non,Espagne,Nature
60,Femme,1678,Non,Russie,Nature
36,Homme,11484,Non,Suisse,Ville
75,Homme,9394,Oui,Colombie,Ville
53,Homme,2669,Oui,Malaysia,Nature
59,Femme,6464,Oui,Pologne,Ville
23,Femme,2537,Non,Afrique du Sud,Nature
31,Homme,8634,Oui,Nigeria,Ville
57,Femme,12808,Oui,Indonésie,Ville
40,Homme,10927,Oui,Autriche,Ville
71,Homme,11984,Oui,Kenya,Ville
50,Femme,2504,Oui,Jordanie,Nature
40,Homme,13061,Non,Liban,Ville
56,Femme,5830,Oui,Maroc,Ville
56,Homme,6734,Oui,Indonésie,Ville
68,Femme,7941,Non,Australie,Ville
37,Homme,7206,Oui,Russie,Ville
54,Femme,12726,Oui,Danemark,Ville
67,Homme,12680,Oui,Danemark,Ville
26,Homme,10785,Non,Inde,Ville
74,Homme,8928,Oui,Turquie,Ville
48,Homme,11437,Oui,Jordanie,Ville
64,Femme,11619,Oui,Argentine,Ville
24,Femme,7120,Oui,Italie,Ville
58,Femme,9299,Oui,France,Ville
28,Homme,14344,Non,Indonésie,Ville
30,Femme,1846,Non,Danemark,Nature
52,Homme,3155,Oui,Arabie Saoudite,Nature
61,Homme,7440,Oui,Koweït,Ville
23,Femme,13236,Non,Qatar,Ville
26,Femme,3350,Non,Inde,Nature
23,Femme,1592,Non,Pologne,Nature
32,Homme,1312,Non,Pérou,Nature
18,Femme,3884,Non,Japon,Nature
25,Femme,1756,Non,Iran,Nature
30,Homme,3174,Non,Algérie,Nature
22,Femme,3381,Non,Qatar,Nature
53,Homme,1480,Oui,Pologne,Nature
25,Homme,3528,Non,Autriche,Nature
40,Femme,4689,Oui,Thaïlande,Ville
23,Femme,2966,Non,Portugal,Nature
45,Femme,12652,Oui,Indonésie,Ville
53,Homme,1524,Oui,Suisse,Nature
67,Homme,8686,Oui,Kenya,Ville
26,Homme,3800,Non,Corée du Sud,Nature
31,Femme,10378,Non,Finlande,Ville
32,Femme,3499,Non,Argentine,Nature
35,Homme,1647,Non,Emirats Arabes Unis,Nature
48,Homme,6152,Oui,Arabie Saoudite,Ville
36,Homme,6801,Oui,Maroc,Ville
63,Femme,9964,Non,Portugal,Ville
29,Homme,8336,Oui,Royaume-Uni,Ville
28,Femme,1954,Non,Thaïlande,Nature
23,Femme,2938,Non,Colombie,Nature
35,Homme,1386,Non,Turquie,Nature
18,Homme,2823,Non,Afrique du Sud,Nature
58,Homme,1860,Oui,Algérie,Nature
44,Femme,2689,Non,Royaume-Uni,Nature
24,Homme,13832,Non,Iran,Ville
72,Femme,9252,Non,Afrique du Sud,Ville
49,Femme,2866,Non,Côte d Ivoire,Nature
51,Homme,4075,Non,Jordanie,Nature
24,Homme,3202,Non,Chine,Nature
41,Femme,3225,Non,Colombie,Nature
26,Femme,4037,Non,Malaysia,Nature
33,Homme,1104,Non,Royaume-Uni,Nature
37,Femme,1958,Oui,Liban,Nature
21,Femme,2922,Non,Royaume-Uni,Nature
69,Homme,10271,Oui,Argentine,Ville
59,Homme,3068,Non,Royaume-Uni,Nature
56,Femme,10009,Oui,USA,Ville
36,Femme,7545,Oui,Jordanie,Ville
38,Homme,2579,Non,Pologne,Nature
28,Femme,9668,Non,Inde,Ville
68,Homme,5376,Oui,Jordanie,Ville
52,Femme,1360,Oui,Australie,Nature
31,Homme,5602,Oui,Liban,Ville
22,Femme,2609,Non,Mexique,Nature
52,Homme,2759,Non,Colombie,Nature
43,Homme,1768,Non,Pologne,Nature
64,Femme,8986,Oui,Inde,Ville
53,Femme,3568,Non,Espagne,Nature
34,Homme,7180,Oui,Kenya,Ville
43,Femme,11473,Oui,Iran,Ville
28,Homme,1946,Non,Maroc,Nature
55,Homme,2723,Oui,Mexique,Nature
50,Homme,7906,Oui,Belgique,Ville
37,Femme,2029,Non,Kenya,Nature
59,Homme,1651,Non,Afrique du Sud,Nature
41,Homme,3522,Non,Nigeria,Nature
57,Homme,2472,Oui,Maroc,Nature
31,Homme,7543,Oui,Autriche,Ville
18,Femme,4083,Non,Turquie,Nature
56,Femme,8250,Oui,Inde,Ville
25,Femme,14309,Non,Brésil,Ville
45,Femme,6539,Oui,Thaïlande,Ville
62,Femme,6177,Oui,Maroc,Ville
71,Femme,12701,Oui,Jordanie,Ville
30,Femme,2967,Non,Pérou,Nature
40,Homme,9416,Oui,Nigeria,Ville
25,Homme,3248,Non,Brésil,Nature
22,Femme,2853,Non,Pakistan,Nature
38,Femme,13569,Oui,Arabie Saoudite,Ville
65,Femme,7280,Oui,Inde,Ville
51,Homme,12362,Oui,Allemagne,Ville
42,Femme,1660,Non,Canada,Nature
52,Homme,7072,Oui,Brésil,Ville
55,Femme,7646,Oui,Qatar,Ville
44,Femme,1737,Non,Belgique,Nature
29,Femme,6358,Oui,Malaysia,Ville
53,Femme,10182,Oui,Pakistan,Ville
28,Femme,1801,Non,Arabie Saoudite,Nature
22,Homme,10605,Non,Liban,Ville
42,Homme,3221,Non,Côte d Ivoire,Nature
63,Femme,7216,Oui,Pérou,Ville
48,Femme,9206,Oui,Arabie Saoudite,Ville
66,Homme,8936,Oui,Algérie,Ville
69,Femme,7031,Oui,Sénégal,Ville
24,Femme,1520,Non,Russie,Nature
30,Femme,9357,Non,Sénégal,Ville
26,Femme,3502,Non,Arabie Saoudite,Nature
52,Homme,1948,Non,Russie,Nature
18,Homme,1617,Non,Autriche,Nature
39,Femme,2765,Oui,Qatar,Nature
63,Homme,10031,Non,Suisse,Ville
21,Femme,1854,Non,Finlande,Nature
57,Homme,1778,Non,Thaïlande,Nature
32,Femme,11898,Oui,Malaysia,Ville
35,Homme,6039,Oui,Jordanie,Ville
49,Homme,8815,Oui,Egypte,Ville
71,Femme,4764,Oui,Russie,Ville
34,Homme,1965,Non,Qatar,Nature
26,Femme,3833,Non,Pakistan,Nature
35,Homme,7855,Non,Iran,Ville
49,Homme,2453,Non,Danemark,Nature
47,Homme,10027,Oui,Tunisie,Ville
37,Homme,4098,Non,Indonésie,Nature
23,Homme,2990,Non,Sénégal,Nature
32,Homme,1518,Non,Corée du Sud,Nature
29,Homme,2945,Non,Malaysia,Nature
43,Homme,1422,Non,Pérou,Nature
28,Femme,2956,Non,Suède,Nature
18,Homme,1550,Non,Sénégal,Nature
40,Homme,3014,Non,Mexique,Nature
47,Femme,10981,Oui,Mexique,Ville
26,Homme,7578,Oui,Chine,Ville
45,Homme,2392,Non,Russie,Nature
39,Femme,1974,Non,Norvège,Nature
59,Homme,1439,Oui,Nigeria,Nature
36,Femme,2745,Non,Australie,Nature
50,Homme,2092,Non,Malaysia,Nature
71,Homme,12062,Oui,Italie,Ville
53,Femme,7086,Oui,Algérie,Ville
35,Femme,8214,Oui,Finlande,Ville
43,Homme,3040,Oui,Koweït,Nature
45,Femme,13508,Oui,Côte d Ivoire,Ville
25,Femme,9920,Non,Japon,Ville
60,Homme,8582,Oui,Brésil,Ville
56,Homme,3897,Non,Italie,Nature
58,Femme,12272,Non,Suède,Ville
30,Femme,11591,Oui,Mexique,Ville
35,Femme,9164,Oui,Mexique,Ville
23,Femme,13012,Oui,Grèce,Ville
47,Femme,2751,Non,USA,Nature
47,Homme,3969,Non,Inde,Nature
44,Homme,1064,Oui,Inde,Nature
21,Femme,2852,Non,Egypte,Nature
40,Femme,2086,Non,Liban,Nature
55,Homme,1584,Non,Qatar,Nature
35,Homme,9589,Oui,Norvège,Ville
24,Homme,3369,Non,Egypte,Nature
55,Homme,3754,Non,Qatar,Nature
45,Femme,9921,Oui,Koweït,Ville
72,Femme,11650,Non,Egypte,Ville
41,Femme,3784,Oui,Finlande,Nature
20,Homme,3615,Non,Portugal,Nature
29,Homme,10008,Oui,Belgique,Ville
46,Homme,3609,Non,Argentine,Nature
48,Femme,3640,Non,Afrique du Sud,Nature
64,Homme,9336,Oui,Pérou,Ville
43,Femme,2265,Non,Suisse,Nature
61,Femme,6012,Non,France,Ville
29,Homme,12057,Non,Belgique,Ville
43,Homme,9982,Oui,France,Ville
25,Femme,12629,Non,USA,Ville
44,Femme,6849,Oui,Algérie,Ville
22,Femme,2503,Non,Italie,Nature
51,Homme,9484,Oui,Colombie,Ville
28,Homme,2302,Non,Finlande,Nature
52,Femme,13265,Oui,Liban,Ville
50,Femme,1876,Non,Liban,Nature
43,Femme,2118,Non,Pérou,Nature
63,Femme,6156,Oui,Algérie,Ville
22,Homme,6240,Non,Australie,Ville
31,Femme,1405,Oui,Brésil,Nature
19,Homme,3348,Non,Pologne,Nature
32,Homme,13531,Oui,Koweït,Ville
42,Homme,2712,Non,Jordanie,Nature
32,Homme,3376,Non,Tunisie,Nature
57,Homme,9954,Oui,Chine,Ville
32,Femme,2380,Non,Inde,Nature
29,Homme,2648,Non,Emirats Arabes Unis,Nature
52,Femme,3222,Oui,Pologne,Nature
51,Homme,1923,Non,Iran,Nature
57,Femme,1430,Non,Algérie,Nature
61,Homme,12487,Oui,Danemark,Ville
28,Femme,3125,Non,Egypte,Nature
24,Homme,2940,Non,Espagne,Nature
27,Homme,11342,Oui,Corée du Sud,Ville
19,Femme,2295,Non,Sénégal,Nature
35,Homme,8690,Non,Mexique,Ville
59,Femme,2371,Non,Kenya,Nature
41,Homme,1316,Non,Italie,Nature
41,Femme,6887,Oui,Egypte,Ville
73,Homme,9613,Oui,Pakistan,Ville
51,Homme,5855,Non,Allemagne,Ville
55,Homme,4240,Non,Japon,Nature
22,Femme,3671,Non,Suisse,Nature
65,Homme,7272,Oui,Arabie Saoudite,Ville
73,Homme,9912,Oui,Indonésie,Ville
59,Femme,1391,Oui,Pologne,Nature
62,Homme,4685,Oui,Kenya,Ville
47,Femme,5933,Oui,Suisse,Ville
67,Homme,12595,Oui,Turquie,Ville
60,Homme,5924,Oui,Nigeria,Ville
70,Femme,11447,Oui,Jordanie,Ville
50,Femme,1363,Non,Nigeria,Nature
28,Homme,11874,Oui,Canada,Ville
22,Homme,2906,Non,Corée du Sud,Nature
51,Femme,3333,Oui,Pérou,Nature
29,Homme,3604,Non,Chine,Nature
25,Femme,3234,Non,Mexique,Nature
52,Femme,2423,Oui,Tunisie,Nature
26,Femme,2883,Non,Côte d Ivoire,Nature
38,Femme,3747,Non,France,Nature
33,Femme,2545,Non,Suède,Nature
29,Homme,2130,Non,Côte d Ivoire,Nature
50,Homme,1979,Non,Inde,Nature
53,Femme,2288,Oui,Norvège,Nature
41,Homme,2600,Oui,Japon,Nature
23,Femme,11175,Oui,Indonésie,Ville
30,Femme,9292,Oui,Indonésie,Ville
47,Femme,1484,Non,Thaïlande,Nature
39,Homme,1468,Non,Tunisie,Nature
49,Femme,2953,Non,Suède,Nature
47,Femme,10007,Oui,Pays-Bas,Ville
27,Homme,3756,Non,Indonésie,Nature
56,Homme,2986,Oui,Egypte,Nature
48,Homme,13394,Non,Chine,Ville
37,Femme,1420,Oui,Argentine,Nature
43,Femme,3333,Non,France,Nature
32,Homme,1465,Non,Jordanie,Nature
48,Homme,6293,Oui,Suède,Ville
54,Femme,1572,Non,Corée du Sud,Nature
37,Homme,3127,Oui,Pays-Bas,Nature
43,Femme,4437,Oui,Pakistan,Ville
22,Femme,3035,Non,Mexique,Nature
42,Femme,3697,Non,Tunisie,Nature
50,Homme,3622,Non,Emirats Arabes Unis,Nature
18,Homme,2439,Non,Norvège,Nature
48,Femme,1473,Non,Thaïlande,Nature
42,Femme,3186,Non,Nigeria,Nature
68,Homme,7840,Oui,Iran,Ville
27,Femme,4888,Non,Pologne,Ville
49,Femme,2330,Non,Danemark,Nature
35,Femme,14489,Oui,Algérie,Ville
29,Femme,3345,Non,Danemark,Nature
52,Femme,3703,Oui,Côte d Ivoire,Nature
38,Femme,3854,Oui,Italie,Nature
57,Femme,1445,Non,Finlande,Nature
45,Femme,2803,Oui,Australie,Nature
30,Homme,11692,Oui,Portugal,Ville
53,Homme,6946,Oui,Espagne,Ville
53,Homme,7521,Non,Côte d Ivoire,Ville
34,Homme,3909,Non,Pays-Bas,Nature
55,Femme,3242,Non,Brésil,Nature
21,Femme,2555,Non,Danemark,Nature
43,Homme,2428,Oui,Pologne,Nature
42,Femme,2127,Non,USA,Nature
24,Homme,6216,Oui,Emirats Arabes Unis,Ville
19,Homme,3352,Non,Canada,Nature
23,Femme,3235,Non,Portugal,Nature
37,Femme,2425,Non,Suède,Nature
50,Femme,3108,Non,Emirats Arabes Unis,Nature
48,Femme,3667,Oui,Finlande,Nature
24,Femme,3019,Non,Turquie,Nature
52,Femme,3644,Non,Pologne,Nature
41,Homme,10057,Non,Chine,Ville
30,Femme,2891,Non,Canada,Nature
44,Femme,7637,Oui,Australie,Ville
48,Homme,3200,Oui,Indonésie,Nature
39,Homme,2808,Non,USA,Nature
49,Homme,3561,Oui,Japon,Nature
42,Femme,3008,Non,Malaysia,Nature
39,Femme,11568,Oui,Malaysia,Ville
71,Homme,7428,Oui,Autriche,Ville
56,Homme,8008,Oui,Sénégal,Ville
23,Homme,10616,Non,Grèce,Ville
44,Femme,5156,Non,Egypte,Ville
37,Homme,3540,Non,Autriche,Nature
58,Femme,2997,Non,Liban,Nature
54,Femme,10942,Oui,Danemark,Ville
53,Homme,8206,Non,France,Ville
30,Femme,11506,Oui,Autriche,Ville
47,Homme,3701,Non,Corée du Sud,Nature
55,Homme,3586,Non,Egypte,Nature
39,Femme,4143,Non,Royaume-Uni,Nature
36,Femme,12783,Oui,Liban,Ville
22,Femme,2559,Non,Canada,Nature
54,Homme,14019,Oui,Mexique,Ville
50,Homme,1597,Non,France,Nature
44,Femme,3029,Oui,Côte d Ivoire,Nature
32,Homme,3398,Oui,Afrique du Sud,Nature
26,Femme,3472,Non,Emirats Arabes Unis,Nature
54,Femme,3131,Non,Italie,Nature
51,Homme,12953,Oui,Malaysia,Ville
23,Femme,3713,Non,Grèce,Nature
56,Homme,4007,Non,Pakistan,Nature
21,Femme,2387,Non,Australie,Nature
38,Homme,3716,Non,Afrique du Sud,Nature
19,Femme,2350,Non,Portugal,Nature
53,Femme,7751,Oui,Japon,Ville
19,Femme,2439,Non,Belgique,Nature
34,Femme,1212,Oui,Finlande,Nature
44,Homme,2116,Non,Suède,Nature
56,Homme,8151,Oui,Koweït,Ville
68,Femme,8986,Oui,Royaume-Uni,Ville
45,Femme,9545,Non,Kenya,Ville
50,Femme,12079,Non,Tunisie,Ville
53,Homme,3895,Non,Emirats Arabes Unis,Nature
34,Homme,1749,Non,Argentine,Nature
18,Homme,1551,Non,Kenya,Nature
40,Homme,11800,Non,Indonésie,Ville
32,Femme,1226,Non,Pays-Bas,Nature
44,Femme,7569,Oui,Grèce,Ville
64,Homme,10908,Oui,Jordanie,Ville
41,Femme,9994,Oui,Jordanie,Ville
54,Femme,10772,Oui,Allemagne,Ville
26,Femme,2641,Non,Pologne,Nature
26,Femme,5922,Oui,Egypte,Ville
22,Homme,8916,Oui,Jordanie,Ville
42,Femme,3537,Non,Malaysia,Nature
29,Femme,2963,Non,Pérou,Nature
51,Homme,2345,Non,Iran,Nature
51,Homme,11906,Oui,Inde,Ville
38,Femme,2587,Oui,Côte d Ivoire,Nature
47,Homme,5891,Non,Danemark,Ville
67,Homme,12434,Oui,Sénégal,Ville
44,Homme,3828,Non,Allemagne,Nature
34,Homme,8476,Oui,Koweït,Ville
26,Femme,3676,Non,Danemark,Nature
46,Femme,1508,Non,Pologne,Nature
35,Homme,1794,Oui,Espagne,Nature
70,Homme,10008,Oui,France,Ville
21,Femme,1274,Non,Suède,Nature
64,Femme,5322,Oui,Finlande,Ville
48,Femme,13834,Oui,Algérie,Ville
25,Femme,3139,Non,Autriche,Nature
52,Femme,11003,Oui,Royaume-Uni,Ville
20,Femme,3708,Non,Algérie,Nature
42,Homme,2741,Oui,Portugal,Nature
31,Femme,1429,Non,Liban,Nature
42,Homme,3843,Oui,Russie,Nature
19,Femme,1692,Non,Nigeria,Nature
44,Homme,2299,Non,Russie,Nature
41,Homme,2264,Oui,Royaume-Uni,Nature
58,Homme,3949,Non,Allemagne,Nature
63,Homme,13774,Oui,Sénégal,Ville
22,Femme,1801,Non,Portugal,Nature
27,Homme,2597,Non,Afrique du Sud,Nature
20,Femme,1273,Non,Afrique du Sud,Nature
24,Homme,2761,Non,Colombie,Nature
30,Homme,2469,Non,Kenya,Nature
32,Femme,2017,Non,Russie,Nature
40,Homme,10654,Oui,Afrique du Sud,Ville
67,Homme,8812,Oui,Royaume-Uni,Ville
26,Homme,8172,Oui,Koweït,Ville
63,Homme,10726,Oui,France,Ville
56,Homme,8180,Non,Belgique,Ville
59,Femme,1726,Oui,Norvège,Nature
60,Homme,3575,Non,Allemagne,Nature
36,Homme,2633,Non,Algérie,Nature
43,Homme,1644,Non,Suisse,Nature
48,Femme,12812,Oui,Belgique,Ville
52,Femme,8529,Oui,Tunisie,Ville
55,Homme,1667,Oui,Brésil,Nature
56,Femme,9202,Non,Afrique du Sud,Ville
28,Homme,2618,Non,Indonésie,Nature
43,Homme,3817,Non,Danemark,Nature
55,Femme,7635,Non,Japon,Ville
45,Homme,2372,Non,Thaïlande,Nature
54,Homme,2214,Non,Jordanie,Nature
41,Femme,3484,Non,Corée du Sud,Nature
50,Homme,2205,Non,Argentine,Nature
24,Femme,1282,Non,Pologne,Nature
29,Femme,7548,Oui,Mexique,Ville
72,Femme,10145,Oui,Autriche,Ville
19,Homme,3554,Non,Maroc,Nature
43,Femme,7670,Oui,Espagne,Ville
23,Homme,2636,Non,Suisse,Nature
30,Femme,3526,Non,USA,Nature
30,Femme,2806,Non,Egypte,Nature
44,Femme,6260,Oui,Royaume-Uni,Ville
40,Femme,3870,Non,Egypte,Nature
59,Femme,12077,Oui,Allemagne,Ville
48,Homme,3306,Oui,Pays-Bas,Nature
25,Femme,1922,Non,Canada,Nature
26,Femme,2312,Non,Russie,Nature
18,Homme,2985,Non,Russie,Nature
27,Homme,2579,Non,Turquie,Nature
48,Homme,3462,Oui,Royaume-Uni,Nature
42,Homme,12253,Oui,Canada,Ville
50,Homme,8025,Oui,Brésil,Ville
53,Homme,3188,Non,Australie,Nature
49,Femme,8137,Non,Tunisie,Ville
41,Homme,2449,Non,Algérie,Nature
61,Homme,12923,Oui,Qatar,Ville
23,Homme,3400,Non,Koweït,Nature
39,Femme,3465,Non,Tunisie,Nature
63,Homme,12385,Non,Royaume-Uni,Ville
57,Femme,2899,Oui,Côte d Ivoire,Nature
39,Femme,9791,Oui,Pakistan,Ville
43,Homme,11818,Non,Liban,Ville
29,Homme,3505,Non,Brésil,Nature
70,Femme,5568,Oui,Arabie Saoudite,Ville
63,Homme,13802,Oui,Pakistan,Ville
59,Femme,1214,Oui,Belgique,Nature
25,Femme,2832,Non,Sénégal,Nature
49,Homme,11322,Oui,Kenya,Ville
75,Femme,8929,Non,Norvège,Ville
46,Homme,2925,Oui,Sénégal,Nature
66,Femme,5560,Oui,Inde,Ville
52,Femme,3481,Non,Grèce,Nature
46,Homme,14411,Oui,Allemagne,Ville
57,Homme,11055,Oui,Russie,Ville
64,Femme,6694,Oui,Jordanie,Ville
48,Homme,3264,Oui,Malaysia,Nature
36,Femme,3351,Oui,France,Nature
34,Homme,1858,Non,Grèce,Nature
49,Femme,1844,Non,Autriche,Nature
55,Femme,1436,Oui,USA,Nature
42,Femme,13780,Oui,Nigeria,Ville
61,Femme,11462,Oui,Colombie,Ville
56,Homme,7823,Oui,Japon,Ville
54,Homme,8138,Oui,Australie,Ville
68,Homme,13362,Oui,Kenya,Ville
55,Femme,8450,Oui,Inde,Ville
74,Femme,10822,Oui,Norvège,Ville
32,Homme,2212,Non,Koweït,Nature
67,Homme,8240,Oui,Pologne,Ville
55,Homme,2664,Non,Brésil,Nature
54,Homme,11884,Oui,Egypte,Ville
44,Homme,3220,Non,Chine,Nature
74,Homme,5173,Oui,Portugal,Ville
58,Femme,1553,Non,Australie,Nature
37,Femme,6263,Non,Côte d Ivoire,Ville
57,Homme,1720,Oui,Nigeria,Nature
42,Homme,3610,Non,Maroc,Nature
22,Homme,13061,Non,Liban,Ville
26,Femme,10877,Oui,Portugal,Ville
41,Homme,1405,Non,Portugal,Nature
19,Homme,3474,Non,Colombie,Nature
24,Homme,5477,Non,Italie,Ville
33,Femme,2651,Non,USA,Nature
54,Femme,2748,Non,USA,Nature
75,Femme,10175,Non,Japon,Ville
21,Femme,1305,Non,Mexique,Nature
53,Homme,8703,Oui,Suède,Ville
47,Homme,9532,Oui,Suède,Ville
27,Femme,3092,Non,Russie,Nature
70,Homme,14492,Oui,Grèce,Ville
73,Femme,6845,Oui,Iran,Ville
35,Homme,2570,Oui,Russie,Nature
46,Femme,8998,Oui,Russie,Ville
67,Homme,13104,Oui,Belgique,Ville
26,Homme,4843,Non,Egypte,Ville
54,Femme,9715,Oui,Canada,Ville
44,Femme,13430,Oui,Australie,Ville
32,Femme,2670,Non,Suisse,Nature
37,Homme,10775,Non,Allemagne,Ville
33,Femme,9408,Oui,Thaïlande,Ville
68,Femme,9464,Non,Australie,Ville
24,Femme,6854,Non,Pakistan,Ville
23,Femme,9653,Non,Emirats Arabes Unis,Ville
75,Femme,9618,Oui,Pays-Bas,Ville
19,Homme,3242,Non,Tunisie,Nature
28,Homme,3675,Non,Kenya,Nature
36,Homme,8031,Non,USA,Ville
55,Homme,1743,Oui,Royaume-Uni,Nature
50,Femme,5590,Oui,Qatar,Ville
23,Homme,2492,Non,Portugal,Nature
31,Homme,7621,Oui,Belgique,Ville
37,Femme,6993,Oui,Koweït,Ville
71,Femme,9170,Oui,Royaume-Uni,Ville
57,Femme,3049,Oui,Grèce,Nature
23,Homme,13651,Oui,Royaume-Uni,Ville
68,Homme,10562,Oui,Turquie,Ville
59,Homme,3429,Non,Sénégal,Nature
48,Homme,7030,Oui,Chine,Ville
51,Femme,10888,Oui,Iran,Ville
71,Femme,14195,Oui,Japon,Ville
31,Femme,12869,Oui,Argentine,Ville
50,Homme,9704,Non,Pakistan,Ville
20,Femme,1878,Non,Kenya,Nature
48,Homme,3758,Non,Royaume-Uni,Nature
36,Homme,1595,Non,Sénégal,Nature
42,Femme,3499,Oui,Maroc,Nature
73,Homme,7005,Oui,Pays-Bas,Ville
39,Femme,11442,Oui,Grèce,Ville
69,Homme,6509,Oui,Portugal,Ville
27,Femme,4832,Oui,Mexique,Ville
25,Homme,2673,Non,Qatar,Nature
47,Femme,1166,Oui,Inde,Nature
34,Femme,6435,Oui,France,Ville
54,Homme,3202,Non,Japon,Nature
55,Homme,2313,Non,Indonésie,Nature
30,Femme,1522,Non,Liban,Nature
26,Homme,5391,Non,Suisse,Ville
21,Homme,1444,Non,Allemagne,Nature
32,Homme,8538,Oui,Australie,Ville
23,Homme,9521,Non,Emirats Arabes Unis,Ville
44,Femme,3218,Oui,Pays-Bas,Nature
44,Femme,7412,Oui,Afrique du Sud,Ville
58,Femme,1248,Non,Thaïlande,Nature
48,Femme,9733,Non,Autriche,Ville
54,Homme,11901,Oui,Pakistan,Ville
75,Homme,5674,Oui,Tunisie,Ville
18,Homme,2208,Non,Russie,Nature
71,Homme,8889,Oui,France,Ville
67,Femme,10427,Oui,Brésil,Ville
49,Femme,2423,Non,Grèce,Nature
22,Femme,10466,Non,USA,Ville
19,Femme,3153,Non,Qatar,Nature
47,Homme,13353,Oui,Algérie,Ville
60,Homme,2641,Non,Royaume-Uni,Nature
51,Femme,8048,Oui,France,Ville
28,Homme,11151,Oui,Suède,Ville
23,Homme,2019,Non,USA,Nature
33,Femme,5579,Oui,Turquie,Ville
58,Homme,2956,Oui,USA,Nature
41,Homme,3365,Non,Côte d Ivoire,Nature
56,Femme,3896,Non,France,Nature
36,Femme,3800,Oui,Egypte,Ville
40,Femme,4200,Oui,Egypte,Ville
42,Homme,4500,Oui,Allemagne,Ville
45,Femme,5000,Oui,Japon,Ville
50,Homme,4800,Oui,Italie,Ville
38,Femme,3500,Oui,Allemagne,Ville
44,Homme,5200,Oui,Allemagne,Ville
48,Femme,4000,Oui,Italie,Ville
52,Homme,3900,Oui,Espagne,Ville
55,Femme,5500,Oui,Liban,Ville
37,Homme,4100,Oui,Egypte,Ville
43,Femme,4700,Oui,Corée du Sud,Ville
46,Homme,5100,Oui,Corée du Sud,Ville
49,Femme,3700,Oui,Espagne,Ville
53,Homme,5300,Oui,Japon,Ville
30,Homme,3200,Non,Sénégal,Nature
33,Femme,3600,Non,Algérie,Nature
35,Homme,4000,Non,Sénégal,Nature
38,Femme,3100,Non,Mexique,Nature
40,Homme,3500,Non,Pologne,Nature
32,Femme,4300,Non,Pologne,Nature
36,Homme,3800,Non,Algérie,Nature
39,Femme,4100,Non,Indonésie,Nature
41,Homme,3300,Non,Indonésie,Nature
45,Femme,3700,Non,Tunisie,Nature
34,Homme,4600,Non,Indonésie,Nature
37,Femme,3400,Non,Sénégal,Nature
42,Homme,4900,Non,Indonésie,Nature
44,Femme,3900,Non,Mexique,Nature
47,Homme,4400,Non,Algérie,Nature
24,Homme,8000,Non,Maroc,Nature
27,Femme,7500,Non,Algérie,Nature
26,Homme,9000,Non,Tunisie,Nature
23,Femme,6500,Non,Sénégal,Nature
29,Homme,8500,Non,Maroc,Nature
62,Femme,2500,Oui,France,Ville
68,Homme,1800,Oui,Espagne,Ville
65,Femme,3000,Oui,Italie,Ville
70,Homme,2200,Oui,Allemagne,Ville
67,Femme,2800,Oui,Liban,Ville
38,Femme,4200,Oui,France,Ville
41,Femme,3900,Oui,Espagne,Ville
44,Femme,4600,Oui,Italie,Ville
35,Homme,4100,Non,Maroc,Nature
39,Homme,3700,Non,Algérie,Nature
43,Homme,4800,Non,Tunisie,Nature
58,Homme,5000,Non,Maroc,Nature
63,Femme,4500,Non,Algérie,Nature
28,Femme,3200,Oui,France,Ville
31,Homme,2900,Oui,Espagne,Ville
