nom,budget,activites,conseils,duree_visite,meilleure_saison,equipement,securite,animaux,images
Oukaïmeden,3000,"Randonnée;Ski en hiver;Observation oiseaux","Chaussures de marche;Vêtements chauds;Crème solaire","1-2 jours","Hiver pour ski;Printemps pour randonnée","Bottes de randonnée;Vêtements chauds;Carte du parcours","Rester sur les sentiers balisés;Attention aux pentes glissantes","Mouflons;Chouettes;Aigles","https://c8.alamy.com/comp/B3T7HX/morocco-oukaimeden-high-atlas-oukaimeden-ski-resort-skiers-on-piste-B3T7HX.jpg"
Vallée d'Imlil,3500,"Trekking;Visite villages berbères;Observation montagnes","Prévoir guide local;Chaussures confortables","2-3 jours","Printemps;Automne","Chaussures confortables;Sac à dos;Bâtons de trekking","Suivre le guide;Prudence rochers glissants;Informer quelqu’un du parcours","Chèvres;Aigles;Sangliers","https://www.tracedirecte.com/media/original_images/maroc-imlil-maguy.jpg.1920x0_q85.jpg"
Parc national de Toubkal,4000,"Randonnée;Observation faune;Camping montagne","Guide recommandé;Vêtements chauds;Bouteille d’eau","2-4 jours","Printemps;Automne","Sac à dos;Chaussures randonnée;Tente camping","Ne pas quitter le chemin;Attention aux falaises","Chèvres sauvages;Renards;Aigles","https://tse1.mm.bing.net/th/id/OIP.bnLmdqn9AxKZlhEA4ReQoAHaE7?cb=defcache2&defcache=1&rs=1&pid=ImgDetMain&o=7&rm=3"
Gorges du Todra,3500,"Escalade;Randonnée;Observation paysages","Guide local escalade;Casque obligatoire","1-2 jours","Printemps;Automne","Casque;Cordes escalade;Chaussures randonnée","Ne pas grimper seul;Vérifier matériel","Aigles;Chouettes;Petits mammifères","https://i.pinimg.com/736x/cb/9b/4c/cb9b4caffc270ae7660b83b345bc9c8b.jpg"
Dunes de Merzouga (Sahara),4000,"Balade chameau;Observation étoiles;Sandboarding","Protection solaire;Chapeau;Eau;Vêtements légers","1-2 jours","Automne;Hiver","Chapeau;Lunettes soleil;Crème solaire;Sandales","Ne pas s’éloigner du guide;Attention dunes instables","Chameaux;Renards du désert;Fennecs","https://tse3.mm.bing.net/th/id/OIP.-wHxkA-kYyHojkFy-lw8-wHaE5?cb=defcache2&pid=ImgDet&defcache=1&w=187&h=123&c=7&dpr=1.3&o=7&rm=3"
Parc national de Souss-Massa,3000,"Observation oiseaux;Randonnée;Photographie","Binoculaires;Chaussures confortables;Guide recommandé","1-2 jours","Printemps","Chaussures confortables;Appareil photo;Sac à dos","Rester sur sentiers;Ne pas nourrir animaux","Oiseaux migrateurs;Gazelles;Renards","https://img.pixers.pics/pho_wat(s3:700/FO/59/76/74/51/700_FO59767451_3e78220e1dfa6c39b266b42d68b18dea.jpg,700,467,cms:2018/10/5bd1b6b8d04b8_220x50-watermark.png,over,480,417,jpg)/papiers-peints-vallee-ouzoud.jpg.jpg"
Ifrane,3500,"Randonnée;Ski hiver;Observation lacs et forêts","Vêtements chauds;Chaussures confortables;Jumelles","2 jours","Hiver pour ski;Printemps pour randonnée","Chaussures marche;Vêtements chauds;Carte sentiers","Attention chemins glissants;Suivre sentiers balisés","Sangliers;Renards;Oiseaux forestiers","https://th.bing.com/th/id/R.39f8933997353f84f4e9b75fd58a0329?rik=20C%2bM7XEJ1NWCA&pid=ImgRaw&r=0"
Todra,3200,"Escalade;Randonnée;Observation paysages","Chaussures confortables;Casque escalade;Guide recommandé","1-2 jours","Printemps;Automne","Chaussures randonnée;Cordes;Casque","Ne pas escalader seul;Suivre guide local","Aigles;Chouettes;Petits mammifères","https://as2.ftcdn.net/v2/jpg/05/30/66/27/1000_F_530662746_9uwv8yiNcla4s4v8s3bfwQy6HysQUIuE.jpg"
Vallée du Draa,3000,"Randonnée;Visite oasis;Observation palmiers","Chapeau;Eau;Guide local recommandé","1-2 jours","Automne;Printemps","Sac à dos;Chapeau;Chaussures confortables","Rester sur sentiers;Prudence près de l’eau","Chameaux;Oiseaux désertiques","https://tse3.mm.bing.net/th/id/OIP.dGMRBnXTnDz3HZWMhBwoCQHaFJ?cb=defcache2&defcache=1&rs=1&pid=ImgDetMain&o=7&rm=3"
Gorges du Dadès,3000,Randonnée;Escalade;Observation paysages;4x4;Visite villages berbères,"Meilleures vues tôt le matin, prévoir guide local pour les gorges étroites",1-2 jours,Printemps;Automne,Chaussures randonnée;Casque escalade;Vêtements chauds nuit;Eau,Ne pas saventurer seul;Attention rochers instables;Vérifier météo,Renards berbères;Aigles;Lézards;Serpents,https://upload.wikimedia.org/wikipedia/commons/thumb/c/c4/Dades_Gorge.jpg/1200px-Dades_Gorge.jpg
Cascades dOuzoud,2500,Observation cascades;Randonnée;Baignade;Visite singes magots;Pique-nique,"Printemps pour eau abondante, attention glissades, singes approchent",1 jour,Printemps;Automne,Chaussures antidérapantes;Maillot de bain;Serviette;Crème solaire,Attention rochers glissants;Ne pas nourrir les singes;Surveiller enfants,Singes magots;Oiseaux;Poissons rivière,https://upload.wikimedia.org/wikipedia/commons/thumb/8/8e/Cascades_d%27Ouzoud.jpg/1200px-Cascades_d%27Ouzoud.jpg
Plage de Legzira,2500,Baignade;Photographie;Randonnée côtière;Observation arches rocheuses,"Arche naturelle unique au monde, consulter horaires marées avant visite",1 jour,Printemps;Été,Maillot de bain;Crème solaire;Serviette;Appareil photo,Attention marées montantes;Ne pas escalader les arches,Mouettes;Phoques (rare);Poissons,https://upload.wikimedia.org/wikipedia/commons/thumb/5/5e/Legzira_Beach_Morocco.jpg/1200px-Legzira_Beach_Morocco.jpg
Cap Spartel,2000,Observation phare historique;Randonnée côtière;Plage Robinson;Grottes dHercule,"Point de rencontre Atlantique-Méditerranée, phare ouvert aux visites",Demi-journée,Printemps/Automne,Chaussures confortables;Appareil photo;Coupe-vent,Attention falaises;Vent fort parfois,Mouettes;Dauphins (offshore);Oiseaux marins,https://upload.wikimedia.org/wikipedia/commons/thumb/4/47/Cap_Spartel_Lighthouse.jpg/1200px-Cap_Spartel_Lighthouse.jpg
Grottes dHercule,1500,Visite grottes;Photographie;Légendes mythologiques;Plage adjacente,"La fenêtre sur mer ressemble à la carte de lAfrique, très photogénique",2-3 heures,Toute lannée,Chaussures fermées;Appareil photo;Lampe torche,Sols humides et glissants;Suivre guide,Mouettes;Chauves-souris (dans grottes),https://upload.wikimedia.org/wikipedia/commons/thumb/b/b2/Hercules_Cave_Morocco.jpg/1200px-Hercules_Cave_Morocco.jpg
Vallée du Ziz,2800,4x4;Randonnée;Visite oasis;Observation palmeraies;Bivouac,"Plus grande palmeraie du Maroc, meilleure vue depuis Tunnel du Légionnaire",1-2 jours,Automne;Printemps,4x4 recommandé;Eau;Chapeau;Chaussures confortables,Chaleur extrême en été;Rester hydraté;Guide local conseillé,Chameaux;Oiseaux désertiques;Fennecs,https://upload.wikimedia.org/wikipedia/commons/thumb/d/d2/Ziz_Valley_Morocco.jpg/1200px-Ziz_Valley_Morocco.jpg
Forêt de Cèdres dAzrou,2000,Randonnée;Observation singes magots;Photographie;Pique-nique;Observation cèdres millénaires,"Singes magots très présents et habitués aux humains, apporter nourriture fruits",Demi-journée à 1 jour,Printemps;Automne,Chaussures marche;Vêtements chauds;Appareil photo,Ne pas nourrir les singes avec mauvais aliments;Attention aux morsures,Singes magots;Sangliers;Renards;Oiseaux forestiers,https://upload.wikimedia.org/wikipedia/commons/thumb/9/9e/Cedar_Forest_Azrou_Morocco.jpg/1200px-Cedar_Forest_Azrou_Morocco.jpg
Cirque de Jaffar,3500,Randonnée sportive;4x4;Camping;Observation paysages lunaires;Escalade,"Paysage spectaculaire et isolé, guide obligatoire, piste difficile en 4x4",2-3 jours,Printemps;Automne,4x4 indispensable;Tente;Vêtements chauds;GPS;Eau abondante,Zone isolée;Toujours aller en groupe;Informer quelquun;Guide local obligatoire,Aigles royaux;Chèvres sauvages;Renards berbères,https://upload.wikimedia.org/wikipedia/commons/thumb/c/c2/Jaffar_cirque_Morocco.jpg/1200px-Jaffar_cirque_Morocco.jpg
Iles Purpuraires,3000,Excursion bateau;Observation oiseaux rares;Plongée snorkeling;Pêche;Ruines romaines,"Réserver excursion bateau depuis Essaouira, site protégé UNESCO",1 jour,Printemps;Automne,Gilet de sauvetage (fourni);Maillot de bain;Crème solaire;Jumelles,Respecter zones protégées;Ne pas déranger nids oiseaux;Mer parfois agitée,Faucon dEléonore (rare);Puffins;Mouettes;Phoques moines,https://upload.wikimedia.org/wikipedia/commons/thumb/5/5e/Iles_Purpuraires_Essaouira.jpg/1200px-Iles_Purpuraires_Essaouira.jpg
